Temperature,GSR,PPG,pH,Target
29.49816048,5.702658577,75.70234102,7.203621797,90.69873113
31.80285723,12.83801895,74.81872794,7.278008838,88.40288458
30.92797577,19.45891672,114.3752748,6.950280739,89.83315995
30.39463394,16.64449773,74.97277199,7.17492446,87.84568298
28.62407456,18.13122296,76.31698357,7.14304759,88.40865443
28.62397808,15.17566733,105.5638957,7.299698226,92.7077582
28.23233445,15.84553129,86.98439055,7.343652236,91.13142675
31.46470458,18.98391303,106.6026334,6.807294063,88.16759876
30.40446005,6.993360177,63.92196945,7.204411951,88.81335464
30.83229031,11.78849927,89.25427162,6.831101479,88.30708955
28.08233798,6.424188836,62.01681601,7.129315199,89.52225084
31.87963941,21.75336016,63.75919221,6.972579637,83.94832567
31.32977056,20.88118679,114.3862472,6.98406596,89.51783188
28.84935644,2.788536227,68.35472227,7.011775102,89.91196227
28.72729987,16.11150345,91.94524094,7.172775469,90.47245082
28.73361804,20.50496635,84.66573616,7.000429979,88.00092122
29.21696897,5.611506903,80.84059958,7.23961943,91.55137124
30.09902573,13.35890461,113.9900007,7.042716431,91.89128845
29.72778007,20.30976595,61.30940381,6.84101192,84.41015675
29.16491656,2.678919572,99.82738117,7.270255905,94.21577545
30.44741158,15.94840534,117.8036661,6.971454995,91.22425472
28.55797544,7.946980147,93.61009101,7.059660128,91.79092599
29.16857859,20.48792391,116.2093477,7.21126633,91.99539234
29.46544737,21.4211649,63.13547276,6.999473694,85.29395908
29.82427994,20.88532978,85.12759914,6.833951394,86.59331096
31.14070385,11.48428433,75.60946746,7.024352628,87.8155011
28.79869513,19.24085302,103.8492579,7.36666915,91.97075337
30.05693775,18.89098797,118.8778254,7.185040638,92.00631926
30.36965828,8.382009465,75.39180375,7.202887489,89.69238679
28.18580165,18.57830948,99.25047609,7.179369292,91.01333135
30.43017941,2.740152694,71.88585797,6.919395283,89.02244197
28.68209649,13.92539757,93.91981527,7.051000318,90.52085536
28.26020637,6.600176746,87.8359492,7.250563879,92.58627578
31.79554215,4.411337716,118.3203198,6.860823739,92.35611205
31.86252813,3.539064033,96.51163636,6.966711666,90.84564509
31.23358939,15.92577552,80.97038233,6.965791465,87.12404576
29.21845508,8.797499275,66.84574709,7.059211357,88.6119041
28.39068846,16.49533543,69.07480972,7.388221245,89.35417588
30.73693211,3.307126816,73.5190158,6.840501528,88.5245178
29.76060997,8.305806757,75.05799968,7.111220597,89.52043661
28.48815294,12.78982585,111.0369635,6.907618809,91.83974875
29.98070764,17.8144633,93.6733673,7.382405927,90.72611989
28.13755408,8.375050059,91.40345468,6.867982103,90.73646893
31.63728161,14.51782753,66.88613231,7.042160601,86.17720993
29.03511993,19.71955496,111.6083816,7.242730991,91.91302216
30.65008914,14.31726376,103.3688582,7.222732657,91.26205178
29.2468443,6.659189495,64.06010171,7.053637182,88.71893603
30.08027208,2.488015631,102.4701058,7.007914501,92.74884392
30.18684112,19.40197748,92.61229304,7.038567427,88.48025039
28.73941782,2.425388217,64.90352074,6.958565758,89.42839431
31.87833851,19.49403345,87.49803849,6.923199763,86.52782672
31.10053129,12.57874268,89.08177723,7.089823819,89.29128263
31.75799577,20.78135397,69.94647241,6.961120254,84.76497983
31.5793094,17.97566472,116.7418888,6.972476999,90.15178623
30.39159992,21.95868221,110.9985223,7.194053638,90.48258402
31.68749694,9.014236309,100.1413402,7.381122399,92.27315029
28.35397001,17.34376578,87.73773366,7.16218232,89.93894681
28.78393145,10.03861827,84.7059325,6.84618768,89.30184227
28.18090916,11.59751241,99.05840803,6.845350168,90.72263459
29.30132132,14.55010926,92.72591216,7.370853933,91.56617836
29.55470916,19.47354228,63.73638635,6.978374474,85.59344797
29.08539613,21.68166938,90.75015893,6.855240192,87.47218491
31.31495004,17.36546828,108.384217,7.159426752,90.50498679
29.42701331,10.35533564,87.55439266,7.174189267,90.84181182
29.12373804,10.42714005,63.11739465,7.189102892,88.6099569
30.17078433,16.75164603,107.176692,6.960441217,90.08415391
28.5636969,6.775542915,72.08182693,6.809066411,88.61655771
31.20878792,4.209482263,75.51725009,7.379009222,91.0004807
28.29820257,9.092443153,69.88238121,6.950535827,88.77332734
31.94754775,7.744779833,79.81290389,7.205615773,89.48663941
31.08897908,7.926162409,105.4050903,7.223977922,92.53067662
28.79486273,6.672155021,91.16315157,7.16600445,92.21447504
28.02208847,2.841863793,72.29287645,6.987744437,90.58859283
31.26184571,2.357478695,112.6698047,6.962657752,92.97785063
30.82742938,21.75444779,112.7749113,7.15860097,90.30589173
30.91602867,10.55546267,112.2347055,7.31965738,93.25265058
31.08508139,9.686532943,74.32777268,7.368040237,89.79313117
28.29617861,15.59294565,87.07436065,6.863543483,88.75847504
29.43386291,6.365077757,119.0993794,6.892897168,93.38447677
28.46347624,20.99922368,106.3207486,7.366841755,92.03470078
31.4524137,17.72690029,61.63004527,7.241921137,86.1010233
30.49319251,3.788220046,63.91227548,7.329796295,90.03596876
29.3235921,10.35161552,87.83588261,6.92157958,89.65936701
28.2542334,19.58236615,114.5532124,7.152551523,92.17448892
29.24392929,20.89464045,92.32210788,7.220683757,89.53473684
29.30073329,11.34803022,89.86875048,7.208067131,91.10723802
30.91842471,14.26822778,66.328422,7.044891015,86.54443936
30.55022989,5.340678922,99.40680628,6.809236935,90.64361458
31.54885097,21.82337252,109.3261896,7.149755634,89.54229714
29.8888597,6.633434028,82.82520045,6.951860924,89.77070801
28.47837698,20.85463548,106.5367111,7.070152548,90.59431826
30.85297915,14.99293298,117.8685992,7.374548609,93.2345268
31.04314019,14.1547359,72.22598755,7.039421191,87.06718743
30.24510879,12.25377022,91.39977787,7.303880964,91.08607417
31.08386872,6.613396234,77.22827749,6.913124363,88.42383596
29.97518239,5.53056064,107.5712651,7.203476299,93.68080469
30.09093132,6.409724181,94.65560195,7.386204173,93.06917056
29.71016407,5.728765243,98.07494505,6.861135861,91.11233872
28.10167651,17.59168947,107.8748496,6.804991965,90.24326864
28.43156571,9.002505183,83.75822836,7.060149676,90.66028732
28.12571674,3.156853531,114.9054041,6.85557529,94.07418778
30.54564165,21.3820526,91.98173203,7.24903061,88.89409491
29.25742392,19.6757177,69.47728937,7.348729198,88.12751943
30.03428276,20.55504566,101.7539471,7.060412584,89.34930711
31.6302659,21.89815645,107.595681,6.955226985,88.34093879
28.99716892,5.477904984,79.00570062,7.060641991,90.60961456
29.64153169,9.924840378,111.4307554,7.234068691,93.50768507
31.02220455,17.16476951,114.3685953,6.805432497,89.51996583
28.91519266,15.92041236,76.61426924,7.153672394,88.78811009
28.30791964,5.077918127,119.0112884,7.167975011,95.57146045
29.15900581,18.3166625,68.44269168,7.182612948,87.5144985
28.64488515,6.488811437,72.1209401,6.945213248,89.31795539
31.71879061,6.476352296,71.05349035,7.228431634,89.09284144
31.23248152,12.73948846,113.6393826,6.854834892,90.47397427
30.53361503,13.8587987,99.25755314,6.919562202,89.48499907
31.48584236,13.60172416,69.12625699,7.326482028,88.08176983
31.21468831,3.829736748,86.4194051,7.24323389,91.48481846
28.74628024,19.54921725,96.9178815,6.808247332,88.45004124
31.57023599,7.312000852,65.0078451,6.949025756,86.99839512
30.15736897,4.590298426,112.9449821,6.92864389,92.94097349
31.22976062,19.7749616,108.2162121,6.962483797,89.06416757
31.5843652,21.11302996,90.31240641,6.948535862,86.75913136
29.2720139,19.24255235,118.0275969,6.837515777,90.50582116
28.4402077,18.19032149,85.06565876,7.07536431,89.02521928
28.91174065,15.10483961,119.0466191,7.239640085,93.62602409
29.70843115,13.01714741,100.0751999,7.164039035,91.37007011
31.27205906,3.739735198,98.0802764,7.203723001,92.44266607
31.44292233,10.16906426,69.95729372,6.848689507,86.48390289
28.02780852,9.45377034,112.9156655,7.370894426,95.24138035
30.04298921,7.195075675,85.64938128,7.3030951,91.61990389
29.66964401,16.46840227,69.73400435,7.283054191,88.26016893
28.88843124,11.9175147,60.7564512,7.293790283,88.71687797
28.47946147,3.620924318,93.58534102,7.359626305,94.19275003
29.35046069,6.403664039,91.64397733,7.12655238,91.84119648
31.77163882,15.66517527,103.1612173,6.920169211,88.89811333
29.29281173,3.52261719,113.4154832,7.170070165,94.84096984
30.07516249,19.02413828,64.76439508,7.245728896,86.86267509
30.81207584,11.90293054,103.8897894,7.242750436,91.8161071
29.45451841,11.61173155,71.24471665,7.112869415,88.63921322
31.88712833,13.84815569,111.4906232,6.841075232,89.64124317
31.84978918,18.49361932,109.1438108,7.022667763,89.40410144
29.00712918,8.956184158,92.4476253,7.352459965,92.71226093
29.98899402,15.56032305,102.6145679,7.150669346,90.9082419
29.20351324,13.31463928,78.86100679,7.122999166,89.23641203
29.13936198,7.340565403,88.27007394,6.961312109,90.59577387
28.14754779,19.57259973,109.2982139,7.021069352,91.04687431
30.43825734,17.94852043,87.55591183,7.337207653,89.6327967
30.01071609,15.16903669,81.46789592,7.199877829,89.10701335
28.205915,19.01163458,89.65274684,7.272432216,90.42215134
29.11458586,19.34588402,109.6949551,7.072607254,90.90606205
31.63306354,16.16725953,80.11248284,7.178148332,87.85200626
28.95824756,18.74026657,70.42569559,6.949030165,86.56054329
28.57957949,15.94942923,102.7208412,7.223276498,91.90879102
29.95781104,15.60281544,109.5586928,7.0565608,91.13920467
31.94260182,14.37222756,66.03824871,7.065527309,86.08571499
28.96822109,17.05433279,74.39244677,7.189593395,88.49223455
30.68854219,5.172102106,68.51831939,7.361768373,90.28198229
31.04647846,19.61741518,80.87648469,6.838403808,85.83294524
28.95055018,19.43687055,87.02105873,7.294845942,89.81368639
30.91286539,2.584945661,104.9295802,6.975429866,92.39668552
29.47113253,18.51633501,99.06885509,7.066351673,89.79981061
30.52922332,4.577397349,97.25571405,6.813147997,90.61122026
30.53411884,8.702377085,81.1424968,6.980627647,89.00985307
30.14309874,16.87016513,110.4868532,7.101578746,91.11099665
28.36115908,5.215197921,88.27723004,6.833705646,90.77263211
31.34120998,18.35934048,118.7462963,7.094657438,91.00544373
29.28312026,18.64268356,98.0485283,7.356266377,91.21608787
28.74607404,12.14935468,67.57588449,6.863235931,87.27086015
28.16310057,2.127717434,100.5706537,7.258664437,94.84329379
30.36357177,7.740762663,79.50624093,7.045802632,89.44969883
30.71025745,14.33853837,101.1796318,7.193104229,90.86064793
28.06635132,21.62372356,64.17846889,6.956141959,85.84063631
30.04837223,14.63627054,70.49288623,6.895695358,86.57632519
28.9059831,7.196071621,111.3442355,6.896277569,92.72360552
30.58069116,14.68011406,73.63077342,6.842295167,86.34818479
28.69746572,12.79970759,110.2224675,6.911388023,91.67051249
30.76375095,17.5969079,76.75656531,7.198531631,87.76705763
29.54694139,4.139612777,98.5729146,7.329014367,93.90097005
31.74691995,17.22055805,101.6490344,7.288475411,90.28970891
28.55008378,12.82533157,90.75928519,7.211080586,91.29122325
29.3642654,21.25984008,78.3186406,6.866259118,86.22905893
28.45389408,8.837443321,72.75866258,6.973512468,89.14899289
31.69877447,14.65243786,61.99136127,6.985884125,85.34868194
31.50935741,20.64056211,78.23678407,6.949974168,85.69075812
29.03176651,4.05019456,99.18976743,7.109003396,93.13807155
30.63993618,20.74456974,116.2982891,7.121332289,90.76760831
31.2688888,15.75771445,112.2722689,7.014131585,90.51189753
30.22080325,3.356741182,105.9638866,7.012273495,92.87600628
30.11860231,8.019271339,107.3068406,7.297133359,93.55319543
28.96740916,16.16344177,99.89909421,7.273575709,91.64139503
28.37241107,3.347012029,75.61721145,6.984677499,90.6295007
31.58886303,13.6434092,114.4317018,7.348273066,92.66142216
31.60167223,8.917661139,100.2439387,7.37168901,92.29847058
30.53240583,14.41831036,93.62643786,6.996045525,89.19300643
29.35611916,2.914840676,66.65936815,7.012654969,89.46818394
29.3968383,19.43073612,86.82333263,7.103380492,88.61466935
30.90382272,21.46977938,87.62149627,7.364672488,88.83964483
31.58844104,21.37755711,111.8738166,7.32579166,90.74660802
31.5483457,16.99303663,92.79889321,6.861540778,87.41481303
31.11950218,4.601724803,82.82403294,7.035638446,89.98049947
30.56812658,17.16526392,118.6080197,7.132022714,91.80379946
28.33655986,2.491738329,66.6432356,7.101879484,90.50709338
28.64651486,2.442471031,85.3529057,6.916317841,91.30512814
31.59421675,8.472204383,62.52148051,7.315290063,88.33704911
30.42571624,11.77286381,104.3942472,7.20616447,91.90281619
28.03678821,17.40814836,115.0845931,7.302745025,93.52216066
28.40588617,15.66590753,76.80223977,7.315258568,89.92039222
30.65400708,10.91805413,111.5005006,7.249013512,92.88450326
28.02024634,7.472533326,77.53309383,7.063526361,90.56631135
28.64323221,21.94249,114.6462097,7.166328053,91.58614713
30.19493516,10.52362604,105.2377142,6.896219244,90.80267485
30.76758079,11.02774049,108.2944066,7.20418725,92.26103842
30.60784504,5.272476424,61.08039334,6.907551953,87.2873813
28.89707724,17.89619097,117.7686214,7.216369754,92.8309341
30.84871689,15.87364452,103.6002595,6.937758896,89.44973309
28.94899635,6.415392256,78.28506572,6.87053078,89.42358385
29.30159879,3.647620912,109.7636799,6.899170694,93.09189788
30.98596562,15.60998604,76.8912719,6.801195281,86.08012358
30.5985316,15.09022429,112.3652304,7.231243771,92.07543124
31.39689364,7.46519054,66.75482342,7.239440629,88.68120056
30.63045157,21.01727125,102.2211586,7.10896001,89.24823588
30.27323441,5.021157836,92.4419086,6.896817681,90.58743049
28.37469907,10.64669602,65.79206821,6.850132603,87.51318109
29.47086321,20.8723184,74.5136297,6.81147738,85.59885458
29.06080947,10.39454634,60.74424218,6.899448906,86.96235475
28.97595857,14.77051895,88.12607793,7.334513321,91.04309132
31.89204222,9.951887959,78.07591565,6.944922105,87.59580339
29.5723909,7.484304047,95.90144906,7.012562796,91.36990263
31.56818622,21.67955296,77.83426846,6.863207291,84.9794596
30.5245545,10.18668013,77.99514669,6.933416783,88.16698531
31.17924521,19.88198407,104.5915919,7.111534742,89.45081348
30.01054837,6.599092118,62.88857016,7.16465161,88.78702246
30.30761554,6.262094081,114.1736997,6.947211388,92.74720033
29.97007078,2.622681658,111.1358325,6.834639296,92.777208
28.78097195,15.03333651,100.068281,7.034619721,90.78277343
30.88980846,9.370526874,95.59329421,6.940522023,89.94292993
29.12308945,19.287165,113.5381499,6.931732354,90.59349903
28.09726387,11.46419813,71.11981077,7.375917682,90.65009793
30.58188918,21.36386856,64.73814973,7.169780292,85.75899813
28.70844272,5.710510314,74.37061019,7.134127066,90.61137293
31.76183434,19.37246336,107.6746967,7.049465062,89.25938514
31.81571431,17.53193706,62.080216,7.0573666,85.08061004
31.65945756,17.41843689,94.96841011,7.124543002,88.80613986
29.4806348,18.89566456,119.726251,7.217857884,92.54246421
28.06182647,17.22047982,111.3417656,7.221287658,92.76560565
31.71327425,14.52440643,91.28674134,6.903016345,87.88223745
29.71273659,4.624897554,63.81845456,7.100067651,89.1008359
31.86661928,2.65052359,109.8824109,7.047174857,92.76070102
31.85447991,20.41695696,95.93871049,7.32231618,89.1948206
31.41203782,14.33300629,66.89597982,7.178851353,87.01123458
29.17779557,17.93074582,65.63143709,7.11950244,86.98560896
29.54039091,11.63044703,114.5776092,6.869236785,91.70765998
31.40454669,4.346163779,100.1520158,7.163382734,92.26060915
29.26768802,4.503715844,109.757208,6.870322343,92.79274533
28.67797099,15.71130574,112.738734,7.002323945,91.80424649
30.22720505,10.6061179,94.30634112,6.885705179,89.6243339
31.7446191,6.010494534,91.04678111,7.215244188,91.1064906
30.78411919,11.83189093,85.82564462,6.923751268,88.44288302
30.28024468,3.284178742,79.01679527,7.035115624,90.28029956
28.38870598,13.63942804,86.07575765,7.337404867,91.3723615
30.46002891,7.379868089,106.4327793,6.92258983,91.55023901
31.9602154,17.95118201,96.11540586,7.104683038,88.56461168
28.56033606,8.207239178,113.5513974,7.051562997,93.69133886
30.07331861,11.10440298,86.60280086,6.810874425,88.45711231
31.50949229,2.232410798,96.42537472,7.275654868,92.81958351
30.96307447,3.448937756,97.87845319,6.841427544,90.82365825
30.78806296,9.849871128,95.50182974,7.084553013,90.60894233
30.80993634,11.59877669,102.1580264,7.136406977,91.17311402
29.4379646,14.00041096,74.2460081,7.177055874,88.79081569
29.17436738,7.833251574,90.74182665,7.213178978,91.98624355
31.23744462,15.89963772,66.25348817,6.95196343,85.58651611
31.24045358,19.20244794,83.07067966,6.805987266,85.87628792
31.46828927,17.59701978,89.26002412,7.234066197,88.84278481
31.65296221,2.792376507,99.13345557,7.12139396,92.13535895
30.0453696,11.61013895,117.0318632,7.301670622,93.86682684
30.00606518,4.098603568,96.03906399,7.292833018,93.24531818
31.19318072,6.840900317,104.615635,7.305995701,93.02677158
30.59985572,21.73325187,90.37596357,7.091056796,87.8463021
30.80786751,4.849910858,98.04624188,7.000177038,91.43159345
31.18317068,11.97776307,64.25593297,7.274934922,87.81312995
31.56002137,14.36311469,75.26349485,7.070776468,87.2275982
29.35198063,16.04929941,81.71118559,6.910065318,87.83559495
29.50233181,13.19297367,88.3496013,7.312984412,91.01012155
28.37592776,2.195416948,62.73892473,7.329535926,91.29452483
30.31312056,8.529226165,68.40144585,7.079785854,88.37666834
28.1437691,12.35423287,76.60885847,6.845419836,88.34525391
29.86239207,3.757329983,118.2919615,7.032695654,94.31001238
30.17057854,9.012538624,79.88082043,7.282122596,90.51089803
29.14616501,2.664062176,88.92246349,7.341064417,93.49167349
30.36333304,3.571569943,71.76586276,6.922083645,88.89102399
28.122001,9.938465524,96.64680426,6.840184167,90.81690766
28.14939275,4.654315081,76.84099293,7.326410272,92.31059126
31.29040224,13.35081697,72.41955471,7.033642963,87.09480577
29.44076257,15.78929938,90.99435771,7.125056579,89.8464775
28.50824205,18.01173398,60.33034795,7.380839487,88.08076441
30.08897304,6.003004885,60.45984196,6.839938837,87.00059088
31.07997421,5.349651645,73.14412855,7.188990804,89.64944944
28.86328411,4.091356807,62.20328175,6.844463254,88.19273103
30.4915619,14.72860499,66.48154525,7.025281357,86.58305936
28.34138986,16.12951453,80.33163896,7.282288727,90.0480097
28.20672688,2.631722897,108.1551408,7.06008334,94.48622275
30.12541853,20.72424492,94.3229186,7.398309412,90.21628067
30.16254049,3.039425673,90.76006356,7.135435571,92.06402883
30.54971961,12.82592671,77.60932939,6.992697292,87.88437425
30.90436533,16.18121039,115.9052232,6.932066796,90.56243155
31.90340832,19.41938247,83.82090247,7.010312321,86.5980712
30.06520139,16.28173864,65.22556601,7.023519964,86.351208
29.29182589,18.03456166,97.02399097,6.841228207,88.65571485
31.18074478,8.789003851,66.83030361,7.02174452,87.4435798
29.08332901,18.29650227,80.71338857,7.078543112,88.26308946
29.75588568,3.602296928,90.44471632,7.233642651,92.61428266
28.31382553,19.89633312,112.4533515,7.194037691,92.07934422
28.10140297,12.95184752,89.61279482,7.225259393,91.44650546
31.85059366,18.3459554,102.135526,6.805018209,87.64415573
31.34392048,11.04636569,119.5690103,6.93060044,91.72866985
30.78389682,14.8715539,67.88934719,7.197010573,87.40772839
29.63581178,12.52805322,76.48389153,7.090393621,88.77684073
28.69317728,16.63179044,83.67456454,6.803188085,87.71045015
28.62574817,3.632599641,85.30969071,7.282696785,92.90505899
29.00097159,3.20704168,84.66126452,7.263685744,92.64266104
30.19690666,6.94206468,114.4566602,7.129051498,93.60405724
30.85838369,5.190893602,102.8419587,6.839877995,91.01621528
30.64078951,19.43567133,96.47431285,7.25990903,89.73944741
29.11973559,6.384279747,78.56236307,7.150228153,90.77065333
31.81946112,21.51730512,109.4274231,7.269175986,90.07543065
30.95158767,8.737915835,117.3036307,7.251048195,93.76222705
30.21741621,5.642358314,109.271897,7.281801243,94.09901614
30.44688298,17.79397014,60.09390631,7.11080484,85.78117931
29.67840025,15.17415551,98.18408221,6.884194711,89.36535055
28.99092396,11.96391433,63.06812289,7.202694484,88.43203986
29.42389071,13.10727102,75.45643322,7.172284271,89.07366512
31.03138444,16.38403557,63.57148202,7.245351912,86.79140843
28.05757395,6.569094827,96.22772718,6.901928604,91.78980979
28.46429056,21.92667832,101.1953948,6.91698512,89.08698414
28.18401057,21.49586324,66.86925828,7.33424571,87.96697645
28.16291521,15.00651373,83.03033298,7.249986679,90.47020634
31.42184234,5.990849019,87.37419054,7.344937093,91.55301355
30.81463144,15.60456485,82.14318131,7.255229193,88.96223541
29.89669532,3.44396818,67.26150003,7.158293184,89.88047463
28.39133664,2.613050044,85.13686741,7.192479642,92.75780662
29.9664635,7.15365777,105.0706829,7.333476754,93.76048875
29.89388708,11.25245913,64.26045987,7.147284053,87.96503088
28.69280748,19.36545011,64.81080084,7.179434795,87.1587603
29.7354066,16.5433814,81.28627751,6.89388603,87.42167832
29.59401894,16.85413042,116.5035427,7.084352732,91.90428238
30.46340039,10.50986669,100.1143588,7.229838267,91.82695368
30.5403746,8.918699851,100.7201974,6.962565619,90.83092056
28.18121604,9.42077526,81.71519945,6.921352508,89.80351942
29.49845046,21.75299127,95.61964747,6.988296085,88.40362169
30.50343966,2.802183828,60.60787104,6.944900377,87.97313239
30.01254503,19.34062992,98.16576278,6.928947582,88.58691569
31.42595936,13.57350817,114.7972169,7.054910506,91.3265929
30.63477453,10.77230838,96.7544081,7.344703108,91.92710741
28.65173771,16.50515321,112.4219156,7.104235788,92.13647101
28.28227499,11.73337883,103.4383833,6.912752228,91.41978621
30.56967711,19.46846476,67.23350498,6.846183002,84.775734
28.10604524,20.01403728,114.1471984,7.217693687,92.4473582
30.34310233,10.43441854,63.98663066,7.029679259,87.28862449
31.76092097,7.536555945,92.03804835,7.293098568,91.281526
30.30189671,13.84700657,68.52822743,7.195706461,87.91100538
29.5526797,20.24726691,60.70239664,7.27774487,86.63317078
30.57315287,6.21324378,85.32205561,6.963167624,89.81881849
29.83301156,14.45933167,77.70244246,7.215415353,89.0389489
30.18246716,14.6312044,89.16002963,6.958437191,88.69071446
31.76585924,16.66226045,94.6319932,7.363441088,90.06502305
29.54441055,4.631353703,62.62434434,7.181824569,89.47308126
31.84476226,16.31649929,67.38019771,6.99470708,85.52587418
31.62140257,20.18065041,93.51854379,6.961707117,87.3135586
28.78316454,5.593662177,80.59004119,6.914555951,90.12146917
28.2774452,6.750866498,103.7504093,7.216784575,93.9700679
28.40311201,21.42790188,99.13749892,6.931229368,89.08276035
28.0728873,5.619539054,110.7362618,7.15718196,94.69918451
28.37777184,19.08770187,101.5495696,6.958781016,89.94243575
30.73202709,11.84555713,85.79586464,7.197181367,89.83036833
28.28475459,6.944621488,100.3779973,7.288963837,93.95131733
29.27590252,19.41499803,76.52287046,7.266815146,88.46541191
31.37950124,10.9061051,78.37880993,7.256510799,89.24946334
28.09308774,12.29634708,107.3391096,6.912633443,91.79126489
31.25787393,9.184667388,86.78517098,6.853030968,88.4778015
29.1274191,13.85901703,107.9028204,7.219369297,92.55161557
28.47265931,5.270477452,109.3453424,7.021008328,93.74915074
30.78694866,9.821630733,111.4537403,7.059407736,92.08461223
30.51577139,21.38824645,114.9981142,6.818689456,89.05772371
31.50988805,7.162668654,85.85911323,6.95574587,89.17716291
30.94028418,15.13473329,79.1320091,6.820205842,86.51714138
31.21392372,8.503801284,94.9319248,7.327511464,91.82302768
29.12813829,17.46946251,82.27034541,6.94603801,87.89926294
28.70975818,4.617473214,96.06445001,7.134402302,93.00008278
31.00245901,21.3964209,102.3351518,6.823387592,87.56993945
31.22733896,11.07579083,101.3043011,7.200108435,91.30214464
31.96202057,6.721009267,82.47317322,6.993816407,88.89118722
29.65047071,3.469934947,70.0116121,7.338751512,91.17569643
29.48807234,5.395158102,85.83176031,7.332870913,92.42446281
31.10565184,12.39547897,68.55564864,6.995174371,86.799515
29.36321416,8.740063529,113.4058221,7.340576537,94.61384511
31.7230293,18.57766732,80.75264764,7.397694604,88.48668967
31.43365101,10.61775047,69.26758483,7.295249398,88.56262988
29.71597611,6.974285452,61.52686559,7.306922809,89.43445546
31.00348427,14.34289973,98.74934318,6.949405242,89.25163844
31.0181715,16.13554434,98.21413905,7.146021439,89.81532649
28.41249548,5.340838158,80.43624999,6.840353548,89.97097737
31.61021163,5.352384326,64.30271333,6.856950762,86.83944247
30.02100949,2.733428539,84.57773369,7.399335567,92.89726075
31.30582986,16.7280403,78.6730497,6.99598355,86.84869973
29.2801984,15.27609055,100.6272384,7.248910347,91.61195826
31.58209291,11.49261751,96.34675497,7.283999032,90.9651007
29.55680671,18.88340898,81.87562369,7.314813963,89.20654703
28.04335061,18.11340306,73.07355326,7.398576978,89.6558843
31.62152791,13.70708729,119.282158,6.944897891,91.10052384
28.36514671,19.36542561,87.24009727,6.824210496,87.78940373
29.27725455,6.116824201,101.2964541,7.046714911,92.50122785
31.80024787,4.238392388,68.43317805,6.878048402,87.4857574
31.80242859,7.39499223,89.13538198,6.813455533,88.60060313
30.29375155,3.141737122,61.65220319,7.016256096,88.4712776
30.52734885,12.62339056,90.32730707,7.270242951,90.59559292
29.79378209,20.73211385,117.8410444,7.139708415,91.4393327
29.17284309,2.786870813,83.05240278,6.987666794,91.09977854
29.31465818,4.44219828,62.33976075,7.192605203,89.65123335
30.69007382,11.04398057,61.85734746,6.939210908,86.32795626
31.00949812,20.67750035,83.2792056,6.808628868,85.73081577
31.16631617,8.3231221,69.60149619,7.258612032,89.00542727
31.15847257,12.14469617,61.40112578,7.174245851,87.00316631
28.36482441,2.831457181,105.3728168,7.257381575,95.07548591
29.97768122,4.966864019,87.51138053,6.82336281,89.88573869
28.23023504,21.73260246,77.35468632,7.302271777,88.7851895
30.19811553,21.30237393,114.004991,7.17171572,90.89954515
29.76612201,2.098799619,66.96833761,7.13803721,90.08419889
31.55081673,21.03623571,117.3551297,7.174768429,90.62669961
29.40366005,14.78239876,78.83800304,7.318659948,89.81879027
28.46826807,19.35836589,113.3042203,7.152161904,91.98542434
28.57196673,11.09479711,96.17657259,7.148570228,91.85556561
31.04604253,12.31192057,109.6024416,7.394407494,92.94687625
30.47287225,11.77693161,119.0407898,7.2540381,93.58244703
28.4044907,15.33728515,77.30432627,7.065376283,88.78761166
28.33642722,4.793025095,117.6681291,7.2244382,95.76218528
30.80387653,2.599471797,83.36891369,7.033538283,90.58275016
28.29105203,8.158598832,83.13071428,6.937325277,90.22245204
31.28744024,16.09361525,80.42322626,7.158111126,87.97043509
30.82496891,6.037069042,92.48445644,7.356909259,92.41309368
28.32539512,15.46864867,69.24870259,7.357483712,89.45586152
28.33935086,21.39824092,93.22268912,7.005143167,88.89866113
31.94655831,3.878014316,92.50228874,7.11660648,91.08437925
29.49708318,15.45204236,105.7141088,6.926981539,90.36736851
29.48256859,10.87500439,110.0189977,7.397378666,94.07250793
31.25119827,19.36284509,86.42648102,7.388670745,89.08783367
31.78899431,5.542995789,78.13999496,7.189705358,89.75942997
31.94400426,15.85251904,75.56009384,7.282648436,87.82674563
31.01351274,18.76230579,71.6774302,7.229060097,87.05382597
29.50503834,20.89228439,63.45885493,7.155894931,86.1943841
28.33400287,15.66496057,80.54687873,6.832008798,87.91473832
31.10858766,11.94349528,76.21486153,7.072858606,88.04278629
30.233617,14.3569448,117.9850432,7.204871781,92.83466576
29.69688804,19.37809969,93.46252958,7.206518968,89.65478384
31.62541754,13.41219493,80.83662234,7.023873571,87.70788233
28.44478993,2.607741194,94.82805606,7.365015192,94.56393836
29.97050042,20.61897391,68.35180208,6.900414219,85.22820631
28.04541458,15.79053502,86.64262495,7.100215668,89.98452654
29.87464257,15.53026772,97.57405929,7.214530386,90.78668303
28.2252131,6.313503048,89.33386991,7.218281484,92.64948725
28.47527167,15.1777094,84.10672804,7.189183374,90.08341196
28.47010499,9.877288113,119.6309033,6.965172928,93.57844486
30.59684121,15.02465954,112.8188857,6.893723941,90.44715577
30.98417952,4.131860606,97.40435749,7.181564196,92.32979485
30.33347506,15.15690609,94.16264167,7.15958127,90.01605177
31.84869019,21.98827452,97.23962879,6.907613606,86.94003091
29.49948232,2.964240777,72.07872647,7.223083487,90.98070077
29.14284835,21.54348368,83.7082646,7.073103195,87.85622153
31.47439651,10.13815921,62.36757197,7.200656355,87.47520887
28.89438335,19.41506901,88.53276225,7.302420248,90.03517199
31.85289016,17.64770968,92.58147504,6.901837057,87.31134577
28.0486179,13.34032522,73.66498417,6.811486921,87.73155903
31.87951531,16.76898419,117.8417308,7.267461552,91.82792635
28.17263965,19.57031123,114.5672767,7.165818455,92.28543787
31.56457245,10.08280643,103.3285941,7.219783742,91.63293061
30.11080444,8.540663231,92.00319773,7.302892985,91.95124983
31.97185918,15.35186771,112.1981496,7.281686561,91.57194463
28.29518626,18.15691884,67.83914063,7.376552088,88.88769761
30.21541714,17.2457027,107.4305877,7.121561047,90.79401489
31.87721014,17.95627298,67.48924884,7.09309738,85.68455212
30.09239138,10.7116663,107.6526398,7.04113232,91.78239663
30.51759455,18.35668432,76.5460541,6.892214626,86.1855444
30.78299476,4.404181107,112.6254349,7.14356434,93.70803159
29.81816426,12.88978196,116.6425256,6.966207515,92.00825161
30.51023232,2.11517321,68.92775816,7.352784507,90.97854755
30.33725725,8.491716598,87.7605363,7.149914483,90.6586541
31.60463204,9.329230697,118.8592427,7.155704108,92.99628265
28.18178552,9.923453832,89.00444616,7.012954797,90.88963507
29.12385276,15.90934413,111.8128514,6.831193611,90.59345799
31.80164594,9.771162025,95.32389133,6.819046259,88.77256506
31.56105514,10.97387245,82.51979448,7.054001086,88.54668282
29.82262701,6.750882617,77.14701333,6.850739227,88.70690744
30.48053039,9.465035833,72.19338547,7.164108173,88.90660705
29.10952473,6.545392545,105.7078915,7.328583803,94.34986729
28.75248464,3.463918475,83.19243041,7.32974889,92.89896148
29.85479362,14.06897187,90.67652773,7.195427246,90.30359782
29.41340891,15.36425597,89.5395288,6.926739099,88.80809272
30.33462445,14.38980692,94.63674175,7.317798099,91.00739106
28.31093855,11.26988088,111.9346287,7.331656061,94.44229773
31.89757923,9.595715604,118.8443606,6.917992151,91.60646408
31.94484298,19.26667299,84.45505251,7.242455651,87.83202742
30.79264686,12.3816357,109.6511353,6.971911729,90.95202161
30.14438547,11.58363755,105.8716677,7.281584187,92.60616746
29.23811047,2.512841316,94.41173709,7.39834274,94.31126391
31.25518008,8.824956553,117.3628286,6.818015603,91.43377953
30.73892469,9.603912376,72.02847093,7.338419519,89.60469987
28.65046776,9.976455618,66.55585262,7.17357832,89.20295186
31.64370874,13.60344738,111.237718,7.384029571,92.50137581
31.29014897,12.67205093,86.348989,7.079005711,88.85044278
31.79919965,14.15810186,110.8181313,7.308432758,91.89275672
30.90287803,17.29766523,113.5854123,6.837436441,89.63475137
30.45366078,18.25971477,63.74745562,7.00116743,85.50180937
29.67297215,16.36246152,113.0078858,6.840209923,90.39285981
31.73091393,21.11047392,86.89914332,7.38520588,88.52839198
31.46425556,2.364651654,90.62594934,7.290184344,92.30845855
28.18087468,5.915559714,97.59555067,7.311528453,94.04364805
28.1054679,2.1512575,115.5829564,7.362779139,96.88920589
29.50585347,14.94949428,61.14696567,6.851062092,85.62718143
31.24221332,19.96061098,88.6106081,7.031358556,87.40462473
31.94910452,6.869645932,101.2633225,6.842620933,89.99095548
28.60166756,20.5406909,103.3624175,6.926475861,89.55964909
30.37652286,3.205347806,101.5519459,6.937619466,92.01396093
29.52356343,20.68872054,68.06610776,7.081464327,86.31440659
31.87965759,9.032453745,77.9637353,6.9611373,87.85574049
31.36847569,4.028416569,81.52293153,6.860586864,88.96530631
31.35331482,11.71743518,108.2662325,6.900494653,90.30895207
29.87477264,7.135531354,76.72559234,6.888365338,88.74989333
29.65927801,7.697458039,72.64229783,7.383846079,90.81432956
29.09362829,8.145799299,117.4468811,7.255575504,94.84659163
28.22550199,18.06051796,60.53179711,7.380656879,88.23160952
31.45888951,12.78322553,119.8692513,7.063844292,92.02005673
31.25160404,8.226153983,100.6092779,6.967021089,90.62500042
31.99887069,14.20667567,109.708158,7.278975918,91.52492491
31.98654735,16.32301348,77.67716378,6.995752351,86.48860176
30.22172682,7.452480015,60.85891666,6.979630024,87.38268237
31.07594966,10.27098203,104.2721711,6.939503595,90.53256385
31.77906292,4.437721867,110.0486758,6.877807387,91.61682868
31.39858956,5.622986991,104.4285679,6.953877837,91.3883538
28.98939241,15.62235708,68.57101724,7.013191849,87.30389335
29.80217654,5.628766954,105.2056753,7.204396525,93.5157085
28.51663766,12.50326767,106.1353669,6.837538905,91.04225885
31.81620411,16.18092523,99.51243094,6.926304164,88.43847681
30.42469854,4.137538462,105.966956,7.285414184,93.98390956
28.91457122,13.34624439,110.7552864,6.888153154,91.38975992
30.68680274,7.131255674,96.81624685,7.005587088,90.93990762
30.47251296,21.2585375,65.31628284,7.318795353,86.63764107
29.43265087,11.67091293,89.25766858,6.892955187,89.34003477
28.45423037,18.119851,64.65896008,6.849642101,85.86302113
30.68629278,13.00453084,84.45258186,7.090722797,88.95481961
30.0812308,2.868250657,84.42638935,6.981451707,90.73563194
31.08927357,14.66302751,63.96059065,7.138045019,86.60904187
30.080654,21.02806684,80.92923204,7.282282934,88.2583975
31.408726,14.0322364,66.65988593,6.882289093,85.56662378
30.20762736,18.38377719,108.4941126,7.148419451,90.8109394
30.24375189,19.68412927,116.8612816,7.103305256,91.14395264
31.50661441,6.561595439,64.33898852,6.886447272,86.80050892
29.61393146,6.240896798,117.3069124,7.174399091,94.54754161
28.53606091,14.21961978,91.35459596,6.964184251,89.84442644
28.11513071,10.2205694,77.97394068,7.092700591,90.15921779
31.02054902,18.79722606,64.61172452,6.849363395,84.4382697
30.48123821,20.00046247,90.03745608,7.075750434,88.14178618
30.81631907,9.068427586,107.6709327,6.983878081,91.46463862
28.85185665,6.737411179,102.4251886,7.293428727,93.93625194
28.5454859,17.6105103,63.01356069,6.834187236,85.67744724
28.05817866,7.496120711,64.37411012,7.051164365,89.16491936
29.40235024,18.45228637,84.17239696,7.075058854,88.40090158
30.35967075,10.47476507,77.71742964,7.235003646,89.6719728
29.56897618,15.35099799,73.94305938,7.144572545,88.26248098
29.74989969,3.910706277,76.86026993,7.200327402,91.03057291
31.61663478,14.47718649,108.2089646,7.266229571,91.44828963
29.39302187,11.03535357,115.7536832,7.317321784,94.25839559
30.05595796,13.73216926,84.30616167,6.988325298,88.59782983
31.13461205,5.360284155,114.3666601,7.122813623,93.41137127
29.58617113,16.7374749,79.28974207,7.304064847,89.3087179
30.4883468,19.25594155,88.58621918,7.393670679,89.7316136
31.44945483,6.334796002,73.56173987,7.333711587,90.0330453
31.79808249,3.91429111,98.42856253,7.022880358,91.27535857
28.58829392,2.472771721,118.7388669,6.91709991,94.67068494
31.7063505,14.83943001,96.20958576,7.093635522,89.26807494
29.96846517,14.14188072,81.46884505,7.244984871,89.55920013
29.03297755,12.93394825,98.86904676,7.095541442,91.26133346
29.83654302,6.638941922,67.37524071,7.089908518,88.94100676
31.9201303,9.818119918,113.3195448,7.302938253,92.92295661
29.97047238,13.8895267,90.18503705,7.016842267,89.33957351
29.31500644,11.93533718,86.96098452,7.315876805,91.23091182
30.53360342,21.7557104,95.15188731,7.044082881,88.11765934
28.96058248,4.728795051,97.48703177,6.996939863,92.30735225
28.30345331,15.90289108,64.30654837,7.072393947,87.4603197
28.51551889,10.08637536,100.9570333,7.257468175,93.10800969
28.51218336,10.5639923,74.51590082,6.875601217,88.46070603
28.60761077,16.35195531,102.837158,6.91785153,90.29877699
28.55530869,15.84872303,109.3520877,7.370866895,93.34214429
30.56349898,21.82511987,108.2375105,6.905294976,88.70345246
28.72752034,4.567885789,93.15005804,7.140636391,92.74085043
29.38266913,4.082192988,91.21019354,7.14758868,92.35118959
31.58715364,16.48677634,68.57255768,7.093774677,86.23519707
29.89584656,13.56773834,106.520769,7.186847149,91.9248417
30.67023095,7.483213331,76.28456283,6.937896035,88.48617832
28.68927948,3.58838738,89.80172537,7.131597361,92.57584212
28.76915608,3.713164992,77.05644558,7.023303953,90.69495329
28.16347447,19.88381749,68.02970178,7.197000356,87.72947123
28.67574025,5.837346494,97.77346181,6.884734126,91.69567739
29.11436136,8.467431242,63.25992209,7.14252645,88.78795753
28.70804194,6.533128045,104.918714,6.911162213,92.38703589
28.35481014,9.099926117,79.05520772,6.967185838,89.74405967
28.48254348,3.388476855,60.00808158,6.93122588,88.73797045
29.84311507,12.38119582,90.66774835,6.909702668,89.21749148
28.82533487,3.352251272,62.81111451,7.295426571,90.67512661
29.45707944,18.00713016,76.57017347,6.971424541,87.1841743
30.01366908,6.674241638,102.4185892,7.356274269,93.6815474
30.76157931,12.80023829,63.7613773,7.381955915,88.34507999
28.15724856,19.60158175,110.3603095,7.142756282,91.75087173
31.1976416,15.01754738,60.22919536,6.885800674,84.84959263
30.51160156,12.65915573,74.80943215,7.024728946,87.81695602
28.32703613,8.486675062,104.4542434,7.278639358,93.97776805
31.4943145,8.660038261,78.97620898,7.020434437,88.52062818
31.6834896,15.3897391,66.11354328,6.852210331,84.95271336
28.24431184,21.88278722,81.61403513,7.134070947,88.33304488
29.10751059,15.2367838,76.22359718,7.307072511,89.55661022
31.22480512,13.15566835,110.5627141,7.277555832,92.20051435
30.99303876,16.6130102,78.80087506,6.905073884,86.5863355
28.73808408,11.30411225,107.3359483,7.203658769,93.12202419
28.83739729,3.202846852,113.5123287,6.932302558,93.95347764
29.48188841,13.24593632,86.02904517,6.930924521,88.86739565
29.93809194,21.15250569,114.5965886,7.324443064,91.88232707
30.47301909,5.506058847,82.63908324,6.949801372,89.67519387
29.47565456,15.80009782,117.844705,6.957948408,91.6763657
29.85013886,6.018673773,65.35737147,6.800392034,87.40889313
30.98988375,12.71655369,101.221156,7.32240142,91.69587009
28.14673281,3.933528993,89.62884243,7.275556888,93.48059648
29.00974778,11.00741873,83.25892833,7.176397361,90.501522
30.85339834,17.12326658,97.96271272,7.250159458,90.19571608
31.58082735,8.951430485,102.2314255,6.89122914,90.09858848
30.04670977,15.29823449,60.26179618,7.074994157,86.31814862
30.12845394,17.90899922,70.01718532,7.010731632,86.40934988
28.42868805,20.54355639,102.782763,6.856265916,89.23655058
29.78964947,6.692841637,99.98312481,7.091678291,92.22331088
30.13046907,9.986318316,117.9628503,7.35244379,94.49600579
28.96988201,5.048320267,105.6622674,6.824035471,92.19179904
29.07697292,21.84967004,117.0463625,6.974876548,90.67059852
29.50913665,20.54001936,102.1524301,6.924524562,88.97529362
28.08028479,12.79914261,77.88313252,6.942887992,88.9027823
29.28831666,18.84066589,66.32189534,7.345060731,87.94520168
28.84579203,12.41915955,106.9094318,7.080841433,92.18842242
29.30998941,14.47171376,98.64895329,7.079779648,90.71445611
28.47904853,3.782488642,62.89116074,7.256345385,90.57482101
31.56210912,17.10540841,81.60302795,6.892695322,86.42164316
30.37436981,4.554269673,117.4079889,7.092359212,94.10455611
30.71640928,18.52135261,90.02406874,7.057991128,88.22988736
31.15668495,17.64056175,85.96374816,7.158146414,88.28065206
29.9937688,16.17489395,87.46197631,7.399734622,90.51300755
28.34768115,2.72320761,72.53296344,7.261669336,91.84316093
30.14842617,8.062567119,82.12243025,7.038719422,89.71911363
30.34736447,7.262251398,82.18879536,7.296531831,91.07540618
30.9817579,9.202728149,63.14130121,6.902425018,86.49483063
29.72663818,3.752854935,106.0540577,6.818278212,92.08290675
28.51032121,20.73915646,84.99026591,6.922669023,87.70937981
29.13510362,13.07604481,109.3307932,7.004246934,91.77155321
29.45232919,8.110486213,111.0208801,7.106348454,93.28556844
30.58366897,9.939630341,72.71964328,7.169077484,88.8375912
30.28311322,10.94405081,99.44120893,7.34636343,92.34557127
29.4243869,14.01188667,88.33690825,7.105912406,89.84868207
31.946061,12.31358855,112.8094043,7.100765387,91.34901915
30.42309928,20.38783946,72.94444075,6.830145806,85.15605557
28.94890717,11.93926966,100.668792,6.820946932,90.30930634
28.40712989,21.8431603,96.46512734,7.130695977,89.72779561
28.61143656,19.02849915,77.71808865,7.062907168,87.9749266
28.98383091,6.170210287,68.19605422,7.303508237,90.61118909
28.64272549,20.61190429,99.09838563,6.896407751,88.94813371
28.7462681,4.327327958,104.3158475,6.814982997,92.2679001
29.14038067,18.34899417,78.93764063,7.069423261,88.0008912
28.69349438,9.61246587,98.68995624,6.942487134,91.31219093
31.5870617,19.55948641,83.70785446,6.829768624,85.81420043
28.32093498,19.3611338,102.792413,7.234758972,91.42034191
30.09804556,18.118508,71.95291649,6.8669558,85.85734627
29.64158731,17.80060873,113.4129002,7.1649917,91.78533312
31.92951447,8.093582782,77.24457579,6.96862985,87.98413304
28.44815561,3.618385661,82.06715927,6.90409763,90.77944914
29.5914224,10.05960358,63.48551712,7.027850914,87.68017437
31.87788173,5.4704903,66.69073274,7.280867466,89.04037168
31.4620285,15.89902178,90.95171416,7.035256146,88.36063354
31.26828828,8.921994531,76.0555606,7.25046179,89.43932196
29.03161131,21.51220402,110.1288135,6.875291778,89.57109379
28.68355035,14.81944155,60.88160332,7.263662852,88.10081111
30.67457288,18.44961127,82.74564292,6.942159995,86.95815557
31.71750396,4.650493455,80.24073281,7.206435878,90.267402
30.22705157,19.24028965,61.15965786,7.139468933,85.85172673
30.28645076,20.45514381,67.46210394,7.35748683,87.2993904
29.11991637,11.74123838,84.8185605,7.032393511,89.73561774
31.07797173,14.12505876,89.57187507,6.839699113,87.79168546
28.74817499,17.29619602,84.25738484,6.811493291,87.64987824
29.29471695,5.496772545,91.8562607,7.296115137,92.91948877
29.70174575,12.05132153,95.70790049,7.114841383,90.88385978
30.03044151,9.973260555,60.59542927,7.265146431,88.37540221
28.96963893,4.927479843,87.84570957,6.94065536,91.01753232
28.4593473,9.350688446,117.8099545,7.007050247,93.71643534
30.44248017,3.363446188,91.14193681,6.818062323,90.31057597
29.15452221,2.516238139,100.652536,7.376895395,94.86922184
30.32495289,4.703325783,78.71183148,7.200720744,90.77164527
28.61745086,21.26230223,106.4394827,7.359923053,91.88237766
29.92456041,12.99059072,106.3752889,6.959297844,90.87361977
30.13035773,21.31644322,91.27776286,7.166878167,88.63369961
28.20729415,10.64995757,118.5608294,7.207099981,94.65794426
29.34641711,8.236322662,67.53301289,6.99052982,88.3854773
28.53765871,12.12283726,61.01685989,7.308865541,88.95261689
28.25349988,10.79023377,106.2094927,7.368296878,94.17763696
31.95984093,4.113293685,108.4293322,7.330913071,93.69491938
29.28941538,14.81652629,67.21243375,7.243440186,88.33043135
31.23949778,6.32076365,75.93496998,6.966478808,88.54198942
29.01856262,14.3917591,61.0531418,6.968969625,86.56252918
30.72601089,15.00402185,77.59851665,7.378016192,89.28612281
31.04091144,5.040497063,106.3885124,6.806170698,91.1411496
30.38255496,3.226992542,91.07763166,7.229629984,92.4192371
29.88630475,17.61523172,80.88573559,7.223747698,88.74111333
29.64736366,11.19600848,82.30435769,7.173613725,90.03562087
29.39547307,3.16327591,60.08121754,7.394065308,90.64805658
31.71811658,21.89732634,77.98803165,6.987127661,85.49591792
31.32247763,3.15561122,98.7875245,7.003983118,91.60630698
31.86010764,15.90070458,118.4516666,6.847363642,89.97179013
28.49718889,21.67357851,110.8236496,7.065678882,90.82744922
30.9234699,6.783602084,61.41569788,6.956629116,87.10626
31.75336183,4.844987374,113.9136363,7.006032021,92.57584535
28.72493226,4.427698788,106.9919048,7.300743074,94.95489996
28.26598507,8.065502951,106.8225674,7.361290708,94.74261716
30.9644826,4.02091622,87.47974554,6.911439843,90.01874923
30.29789245,15.84322683,83.88031758,7.023505359,88.18796696
31.36731511,3.245835963,78.17494373,7.357178337,91.27056131
28.55908951,12.18844256,63.94169154,6.837085076,86.86236127
31.18106925,21.93393708,73.69412181,6.855416317,84.66917173
28.80650928,18.27940539,74.7962181,6.897674594,86.90885906
28.65462377,14.30438876,89.04462418,7.1571277,90.50191128
28.65706319,8.125072416,104.8466644,6.890283363,91.98253717
31.25829888,14.47791673,88.4285897,7.380845829,90.22235533
30.66078888,12.54082928,63.47066697,7.068028716,86.84864998
30.0922617,10.52166768,117.4673881,7.100910776,93.1008283
29.43532194,4.614207535,116.5634591,6.947995169,93.75581929
31.50880216,19.7320843,107.1113726,7.082576151,89.42320007
29.56978043,10.99569298,119.4796741,7.19714818,93.9496795
31.26639776,5.892450236,92.66893997,7.250706282,91.70873648
29.75653963,9.355187018,117.766101,7.25232085,94.28890713
29.50777772,10.28259505,64.53630244,7.146734668,88.37689571
29.85071914,18.55075791,81.9408449,7.342615865,89.27165266
29.2055115,16.67228761,73.52287608,7.290444708,88.86729788
30.99043752,17.38609787,71.74998505,7.254228869,87.47370451
30.01088156,2.220625289,68.44817693,6.833363313,88.56206842
28.92885078,10.32307996,97.34481849,6.804126777,90.22607435
31.59829829,11.62688303,106.8793113,6.927468366,90.20074721
29.53556489,2.383845536,94.69790397,7.198114156,93.21580963
30.17421144,7.196264175,68.81776258,7.046718493,88.58901017
31.62588844,17.20579646,108.6674262,7.041443756,89.81985788
30.49695198,4.742194115,98.15728243,7.330752133,93.27257409
28.46759216,12.70620263,83.28994237,7.337337709,91.24064617
31.75932849,6.30403744,100.4478177,7.345505158,92.63183583
30.51083221,2.242415493,75.59429875,6.988326846,89.7971649
29.33962246,6.824029152,80.71153251,7.214633488,91.10970363
28.55708829,21.5174751,115.0491506,6.962979909,90.73777544
31.17610076,18.03074224,77.43027034,6.9143659,86.12065771
30.48029102,21.19153289,88.19929609,6.910779474,86.89537489
30.13384437,11.75708088,113.4084682,7.005264573,91.94883133
31.57557033,4.194723974,102.463281,7.057974572,91.909471
31.15438884,12.95918978,63.73219357,7.298569503,87.69703449
28.60669952,11.08754669,68.83818266,6.871934656,87.72263245
29.24688827,18.88714165,60.47049545,7.240955508,86.85095462
28.99395656,3.961651616,97.85530741,7.118872949,93.09058688
30.97578517,11.76482274,86.86040552,6.972767206,88.70901945
28.13412974,5.000973294,68.05649105,7.095691751,90.21684833
30.27955874,8.493518538,117.4760473,6.979965242,92.80894786
31.04983474,16.74714155,91.77958344,7.157649173,89.09185853
31.50706255,11.52036259,74.51359765,7.060306354,87.69528774
29.36832699,9.517765703,90.03621427,6.898643317,89.90912138
31.28502922,9.889525571,100.77722,6.869949845,89.8070515
28.44252695,11.18893537,64.57435308,7.128017409,88.63847181
31.38580917,17.70033088,76.4822289,7.34144782,88.12249123
28.50995465,19.84169378,108.4179295,7.006374612,90.65034992
29.58914916,21.10669373,87.57989222,7.239800064,88.94107622
31.18918146,17.73806773,92.79462852,7.195196813,89.11324264
28.59966971,8.308137915,85.96896013,7.358932949,92.43009832
28.91700558,15.76269412,62.63399656,7.29258861,88.11530109
30.88901027,10.75206248,69.94498679,7.139963155,88.09939682
30.88014615,7.093412441,86.73249832,7.194218299,90.78558577
30.56459053,18.81743159,72.55112792,7.33903188,87.90449061
30.77579378,2.768526979,62.99874172,7.039711271,88.55682824
30.17089777,20.03523984,110.6189798,6.996076824,89.94978525
29.00719624,11.22954929,118.8715517,6.80648665,92.17008045
29.38278397,14.74402954,107.5885724,7.295930645,92.59831257
28.72639087,15.18707844,111.2270953,7.28058842,93.12504051
31.63380225,19.90235481,74.51862782,6.862672711,84.96785425
30.33356718,14.73339364,117.6376185,7.146114429,92.38087168
29.60340567,14.2786717,71.81554227,7.078389019,87.91606215
29.84802321,3.333040811,117.0857886,6.871225457,93.47408638
31.78913336,12.36816044,119.6891576,7.388340936,93.54242168
28.61340561,5.003380016,102.7033683,6.928817532,92.60704569
30.34491933,16.74867537,118.8686239,6.840340508,90.56637019
30.02355472,12.24443842,94.17238677,7.156908428,90.74111577
30.44581694,15.60455558,75.57250699,7.243320006,88.43003114
28.07244074,2.833458012,86.21975314,6.819466068,91.11639368
31.48849564,3.695840321,95.61365612,7.195230583,92.05410265
31.72847313,16.32646776,64.38489372,7.119375126,85.90583488
30.26053273,3.44168672,97.34059588,6.861959005,91.2252509
30.7866033,3.425134555,118.8706702,6.903514326,93.32631009
31.68999752,2.242169505,71.40645899,7.140784578,89.55113613
30.82895454,21.13002797,107.555707,6.977814568,89.00416068
28.61015617,16.75016719,114.4739276,7.362989437,93.60722842
30.30515344,9.06502817,116.6220956,7.291244138,94.15284789
30.42686019,7.930711626,117.6081363,7.390140324,94.91194283
29.69652269,8.994064595,91.28757832,6.955802503,90.26069609
30.94577694,17.49307062,118.6384745,7.38183418,92.80151575
31.73746806,15.22741222,105.4386124,7.058740322,89.92334638
31.70227405,5.703911357,69.70028617,7.008511277,88.02066571
29.80335749,5.482186707,88.61400639,6.830209716,90.01433314
28.45295218,3.967912994,103.0998705,6.831659155,92.44822414
31.9393648,15.20605439,74.84041895,7.215206754,87.54918239
31.35559235,17.28745324,98.43691101,7.074757397,89.08219126
28.49865072,7.300928567,99.99602874,6.935912976,91.96965668
31.68336753,2.418899221,69.76198463,7.168382184,89.49264577
31.47958545,3.64343335,93.90511875,6.951714871,90.68060684
30.07535223,21.3572007,106.2976147,7.146579053,90.05354048
30.36510174,7.90889555,89.93373987,7.015525248,90.30667025
29.59601082,17.38446296,60.72618701,7.294131336,87.26837738
28.21904656,14.49327138,60.54230814,7.292417696,88.50814174
29.34078897,9.638792793,81.42176064,7.086410239,89.97607422
31.21141379,6.113745244,115.5716441,7.010491466,92.78116579
28.01852809,4.427728363,73.72060678,7.017535878,90.56493035
29.33399669,14.30025936,98.06182133,7.283428715,91.69627549
29.59267477,17.49267561,73.32455224,6.99690769,87.02212116
30.14958241,14.87808507,79.30019938,6.925435624,87.50678984
31.67942247,12.60604266,110.8825254,6.850813005,89.9813978
29.38538398,2.839024469,103.7316865,7.080015873,93.51275113
29.38781281,21.36977555,65.72395664,7.089279259,86.05093045
30.95000499,17.97428383,85.72212126,7.304545226,89.02507899
29.80887176,7.856440734,61.75018582,6.932743218,87.36301064
28.89841929,21.59940659,88.8534088,7.028594764,88.25922374
29.80975806,14.03763179,99.7460407,7.285043443,91.6874159
28.56342808,13.64845316,67.11015742,7.294174166,89.1704819
28.70554795,16.96146359,77.33309633,7.030766646,88.14207617
29.99347109,18.23539576,83.87019753,7.075474414,88.12057713
29.6757018,15.12957215,115.1718615,6.981971535,91.56327849
31.6593836,4.561914927,119.5953009,7.359532927,95.01511994
29.4495756,8.76535012,62.69467794,6.871186259,87.14754127
30.3223534,20.56167281,105.6604754,7.360249654,91.09378455
30.52905715,6.492312237,82.30344398,7.210319871,90.71895273
28.05237783,9.443340477,83.54749117,7.118943292,91.03460857
30.65414949,10.64153766,105.2558984,6.819595436,90.16818475
28.71214387,10.78809979,115.1055859,7.085357715,93.42365528
31.84428127,14.25879165,117.0557157,7.044648863,91.15491692
28.59465091,20.86151675,94.62735516,6.896731287,88.47676315
29.65849649,6.813854237,81.42726956,7.193845762,90.91993667
28.34139867,4.430027526,107.2529452,7.382690544,95.5820424
31.98749701,5.949409797,75.060083,7.137313287,89.00894427
30.00878004,19.738498,93.84444173,7.228851966,89.57661438
30.38154007,14.91621625,81.51470769,6.841070272,87.18280884
28.26830591,7.718135785,99.39786442,7.050600197,92.51500732
30.99984188,18.31893878,74.42393477,6.869815091,85.62776024
28.83962237,19.22739993,71.49557674,7.167677501,87.72265401
31.59221716,18.93028677,115.0943452,7.363089295,91.74271506
28.82055856,20.37853067,66.10822098,7.197066639,87.11016988
28.76275088,7.044820403,90.35747446,6.846081829,90.47581707
28.14619867,17.10083857,73.25116698,7.012799723,87.89584826
29.88826778,11.21078995,62.3357978,7.130398028,87.69927804
30.25936453,18.83997106,62.1611291,7.041924654,85.5280597
28.26283456,16.56981354,70.51330633,7.300186406,89.10688268
31.10211047,17.52894893,112.0062213,7.288802603,91.58779012
29.81315534,15.12323675,76.94872464,7.167098612,88.5991405
30.09756108,5.548575389,117.0275502,7.024074767,93.66463324
29.76305099,12.90053838,94.89733758,6.953201824,89.79410971
29.60305224,21.69339479,86.19685139,6.863524591,86.79710301
30.23856133,20.74776133,94.80533008,7.01293861,88.27639313
28.62096098,2.863474716,91.00190311,7.04790351,92.45653243
28.72771252,5.296296315,105.5265752,7.205493755,94.15701077
31.44714248,4.634575469,76.94976396,7.194895895,90.01896953
31.78446185,16.5195982,81.1830235,6.842064884,86.1324762
29.49323727,18.3557066,113.6456582,7.037155589,91.13258381
29.08297869,6.270227326,116.7873908,6.90906732,93.42854087
30.57599817,12.11705386,113.5534936,6.894087623,91.11437762
29.63493668,18.81406056,85.16687964,7.29638129,89.41831396
28.10154542,16.6560309,106.8219302,6.82514913,90.42595978
28.62461039,12.84474411,88.580144,7.051509726,90.23430901
30.86388892,13.80695381,89.85239113,6.900922193,88.29651486
30.63569577,12.16721094,72.28080654,7.327598129,89.11478123
28.10838397,7.950969026,95.4678182,7.134224308,92.57351757
28.88788865,13.30043986,71.16815387,6.938828382,87.706925
28.92429919,15.77770604,79.89388194,7.101456372,88.87897925
30.68757097,19.46645832,111.3018121,7.238891816,91.08756314
28.07884215,14.72582708,72.42454855,7.374870805,90.13222239
28.41643433,17.22243074,64.26949711,6.932267603,86.43558441
31.19966434,5.201432699,64.14045556,7.331709063,89.43247216
28.71417865,11.23114949,116.4470712,7.360582469,94.84430024
30.61098443,2.186632397,90.41522628,7.349852327,93.04796557
28.95273112,6.93357729,84.56472431,7.181248614,91.49963448
28.39776557,16.5292343,108.6527149,7.177892393,92.2500038
28.97268876,21.83619903,110.1495557,7.04192638,90.37100328
30.88906773,3.983561992,79.93146199,7.251438729,91.00909358
31.42278587,10.02988632,101.6170834,7.118776411,91.0382202
31.32087946,18.00141937,106.267369,7.206462843,90.3983275
29.58873412,6.080712693,99.27904121,7.057074742,92.20276823
30.67234055,13.10169899,69.09570449,7.238897878,88.14754977
28.81993718,16.66142592,112.552985,7.294682911,92.98645928
29.17259092,14.31970901,92.34567316,6.887861754,89.22363882
31.58534327,5.760494692,76.94834558,7.299757829,90.24885313
28.05200769,9.107691374,85.51369113,7.124177919,91.32471659
28.34203412,17.67583569,62.25426542,7.306799545,88.05324007
28.83154502,13.08453028,67.67200807,7.058781024,88.02842736
28.10612882,2.104592271,105.932805,7.027424291,94.2564191
28.72574174,17.2198152,60.00069809,7.34903644,87.9384181
30.33216624,2.706227099,84.99394971,6.950701561,90.54557423
29.6856982,16.91467565,91.35061087,7.306527395,90.44191383
31.57068684,6.049611203,63.2780652,7.090412344,87.78460257
31.26977425,21.1614696,118.3846898,7.108457266,90.51357426
29.36726941,9.358815026,73.56751987,6.985080969,88.72675912
29.03769373,8.538632327,78.25192318,7.14382532,90.31774559
29.51876963,4.977761007,78.23655074,6.995126718,90.04435164
30.36117977,8.11208431,73.82499973,6.823561649,87.69730147
29.07225456,19.53301524,60.08842933,6.963199163,85.38210842
30.49659563,21.92668675,103.7606876,6.803827426,87.76157073
29.63764661,9.36619061,118.01073,7.387012872,95.04407593
30.20818872,10.97221262,73.457609,7.379448326,89.94446564
29.74450612,16.44141876,99.78283151,7.037093178,90.00321223
29.17786304,19.72391561,104.5137796,7.237022513,91.10277588
31.79381323,13.86088668,110.9055227,7.007483659,90.45888662
31.05442318,9.830513964,85.35775182,7.202655894,90.05574027
28.5604527,10.25243682,78.17585434,7.283258026,90.90316185
31.4738719,15.91236293,79.51770804,7.368053747,88.872631
29.94972479,2.064365272,102.75728,7.040127366,93.08862938
31.57820891,14.39178675,109.006768,7.26997879,91.58310894
31.19942102,9.109860209,70.89683807,6.95955707,87.4657866
29.70085402,17.88394663,82.25646049,7.394199382,89.76942663
28.08987723,3.859812796,114.1164118,6.815461759,93.6720488
29.07470944,13.76404534,108.4016112,7.162117284,92.36058375
30.16653686,11.6194578,119.0915042,7.195703589,93.48050837
30.53391288,14.84651052,105.2548956,7.212827334,91.35336769
29.03155074,3.29707189,83.59171206,6.872232547,90.54514419
28.5574243,13.59967575,95.43827004,7.36311787,92.36076906
31.33972095,13.22969176,99.66085525,6.908709967,89.19383654
31.93760872,13.21320189,64.70734898,7.173652042,86.72755037
30.10276073,14.06975333,92.66981755,6.933605647,89.06967896
28.68671714,15.52935874,102.5592497,6.98432985,90.7283439
29.08922931,18.09977999,70.03927824,7.127875125,87.4787328
28.07356271,7.396414403,106.837903,7.050316051,93.41930633
31.65719523,18.5009882,95.02636683,6.896135361,87.45451823
28.47100433,11.96511365,117.1333071,6.902561841,92.59761503
30.3060659,3.541165583,62.54533789,7.050886873,88.64770209
29.09622088,3.171018585,75.91956825,7.254369787,91.6814916
30.21671201,8.684766374,96.09323276,7.338778788,92.45790794
30.60568155,17.69793954,77.79359473,6.850476597,86.18931377
31.31896721,16.15361869,102.8654498,7.035862345,89.57564936
28.82568509,17.77229929,105.540317,6.860147338,89.88746598
28.04398331,12.34538113,66.15095784,6.809955488,87.17380534
28.54754252,10.80397996,90.83126785,7.19703121,91.63371558
31.60007457,4.949050534,90.53343334,7.161469665,91.07084427
31.49556031,8.563855072,82.15684621,6.897811468,88.24419079
30.38965241,10.68038732,115.9754918,6.9402877,91.96808401
30.40206744,3.772008594,109.6503792,6.814224652,92.08072574
30.6601467,6.412239054,101.8325629,7.300968323,93.07557675
28.70148511,13.96450588,102.8595981,7.384814358,93.06638787
31.65764778,16.71326228,87.70296863,6.881275722,87.00519912
29.6750821,21.96695023,115.2596713,6.938885128,89.98946167
29.53255411,20.66226663,101.6757256,7.321045714,90.87407075
30.07567082,14.85130399,103.7388637,7.355878279,92.14518156
28.18786387,10.42496107,111.7014542,7.05177643,93.25010342
28.66513348,14.72354729,76.44429536,6.830373483,87.51902076
30.95213447,17.71303236,108.4242542,6.8236351,88.94192722
28.33119467,4.366723818,71.71443618,7.14436992,90.85435112
30.41260844,10.19809779,80.72051713,7.035737065,89.00481326
28.98139644,18.79604571,80.13662726,6.817191457,86.84971265
29.55718246,9.676659039,118.7115281,7.149951435,93.90698695
29.15477495,13.43744542,111.3922334,6.806781522,90.90825439
29.42269087,13.75538722,102.0701917,7.272423175,92.10671217
30.87618362,5.689525063,103.6234057,6.983859694,91.70564221
29.18848686,9.244708833,93.72436766,6.824154802,90.05002558
30.26561856,8.690225775,116.82544,7.153011333,93.57674623
29.90420161,2.523934171,89.77552517,7.038610649,91.71371812
30.65468466,2.483835278,82.83106259,7.384280248,92.38039811
31.74731896,18.63394087,69.78212022,7.126519198,86.01036036
30.93028839,7.461416199,107.1723391,6.965143509,91.58552402
28.85976151,12.36157532,104.0666359,7.225663319,92.63278436
28.12473254,7.974511472,83.06130231,6.962895202,90.46333767
29.04905618,20.8135849,61.51160484,7.342545975,87.17664529
30.38031172,7.185935177,110.3398397,7.024833182,92.53080698
28.20570325,10.59313625,60.68507901,7.129921138,88.49663471
29.98546499,19.45460501,102.2219868,6.830343862,88.49026449
30.3873714,18.83867134,118.2154266,7.055672743,91.13848641
29.33697556,5.722028357,86.25967969,7.299418124,92.31016513
31.08364881,18.0528662,74.0984043,7.283389283,87.6743892
28.42639301,11.16373773,102.2922606,6.934591135,91.45623768
28.30055113,11.65937744,109.0276885,6.935647443,92.09885501
30.91275502,4.669599448,92.78581896,7.290383187,92.34020043
29.98196526,3.612030275,118.0221165,7.358239052,95.88001822
30.75360959,16.55878614,63.1001233,6.857216553,84.90753307
29.73930935,11.92922305,90.2877359,7.070035184,90.12345022
28.98560813,10.73701405,103.1072368,7.002472567,91.68287964
31.27640927,16.59016457,111.7584283,7.322413073,91.83167064
31.19766352,17.31025798,70.75533671,6.850114949,85.26522506
30.77878588,5.178163353,108.0002089,6.926675566,92.00837311
29.08858055,14.20450299,93.16242454,7.251481003,91.18845659
30.36092267,4.707081646,83.79322092,6.830776309,89.41132598
29.44389559,17.02750172,67.90290171,7.095521228,87.14044818
28.36632829,15.13910313,111.9177455,7.065264221,92.30711089
31.6692543,21.13229242,69.43639249,7.000640707,84.88575715
28.54727452,3.379160327,78.58727155,7.036743389,91.09297477
31.80094942,3.141094423,77.40273192,7.117964352,89.80140136
29.78402309,7.643741494,112.2848421,6.896820415,92.29182644
